name,surname,dni
Warner,Kowalski,16186322
Silvana,Ludlamme,23634399
Cody,Cohalan,37227937
Duane,Halpin,35196240
Gilemette,Tribble,19008624
Jake,Creech,92366879
Colleen,Graddell,16548266
Almira,Wahner,75686192
Heidie,Margeram,89662488
Darby,Spaice,86644982
Waly,Sebert,80504167
Berna,Edsall,39281591
Paul,Jordison,73309066
Rafael,Macken,38280416
Cathrin,Tempest,89524290
Braden,Spruce,22942702
Martynne,Eye,10119400
Tanhya,Hair,30217135
Grenville,Lovick,34373165
Cally,Pellew,41293234
Ingaborg,Eamer,92317097
Binky,Chmiel,78639329
Deva,Cleworth,67983393
Andria,Warne,87881842
Vivyanne,Duchasteau,61602516
Deerdre,Cobbledick,32781613
Alyss,Schooley,18496609
Bidget,Honniebal,32085096
Jada,Calderbank,96971152
Dody,Crowest,84160476
Ricardo,Oakshott,51497735
Alberik,Davley,92955789
Alexi,Rapaport,41294795
Amara,McAlester,36865403
Charlene,Sherwyn,68603428
Anthia,Mattholie,98551383
Myer,Eccles,79134727
Kyla,McLanaghan,61091180
Delmor,Shervington,97135418
Jaynell,Barbrick,86535284
Cale,Brauner,75094888
Deloria,Persitt,35870162
Lizette,Hurche,91406795
Terry,Bakster,94689577
Dolores,Birdwhistle,15942957
Bobbe,Fidock,36835641
Fifine,Piwall,53099504
Sheeree,McNutt,97492239
Kim,Jindacek,80368146
Aurthur,Daulby,94125971
Andi,Kensy,81637881
Dominique,Ferson,33338230
Gothart,Broose,87954322
Chastity,Knightley,56985315
Cyrille,Filby,22264671
Artemas,Duffan,92081070
Arvy,Edscer,13453847
Milty,MacAindreis,46087852
Ab,Cockley,83607465
Byran,O'Shiels,34521658
Kaylyn,Blodgett,49327692
Milt,Gellier,69003722
Corbet,Onians,60591578
Ursulina,Teaze,91350535
Ogden,Werndly,93109695
Sven,Getley,61670367
Estrella,Gallon,56195652
Susannah,Marle,26962428
Leon,Kings,30316290
Natalya,Jancar,30539511
Carlina,Casina,54757142
Doria,Enbury,14707929
Haley,Ratt,56432727
Sena,Sprason,49420063
Aretha,Baudesson,20215527
Riobard,Staines,74873551
Garwood,Douce,88660933
Mannie,Southwood,72092564
Berta,Rupert,39719019
Gar,Pennycock,74294051
Agnola,Leroux,12376905
Corrie,Knibley,74708427
Carlina,Doerffer,72100627
Modestia,Jirzik,17122146
Hamlin,Hatchett,71337299
Melvin,Westlake,36998129
Haley,Bysouth,81392344
Bald,Chidler,16600696
Olivette,Chesson,34284847
Karola,Baume,67209017
Augusto,Semmence,91151554
Niko,Inkles,17295471
Chanda,Scoggan,35223114
Huey,Coundley,32614322
Gray,Habgood,10309458
Gwennie,Norheny,67955599
Olivette,Webermann,83627049
Radcliffe,Annear,31741180
Darryl,Gingel,33565526
Linea,Gero,80973182
Thorsten,Bruff,48546330
Adrienne,Barbosa,49026009
Farly,Millott,57560946
Sandy,Whaites,55995792
Codie,Havick,40837517
Hastings,Hughs,80788521
Marcel,Scarratt,34467253
Suzanne,Dowsey,90562714
Cayla,Derill,66704897
Felita,Rouse,18689840
Reid,Koenraad,71835233
Phelia,Exroll,52237427
Benton,Clemence,87324926
Jaquenette,Passo,76307861
Timi,Robertson,50232507
Phip,Grimsdith,82837655
Raviv,Haryngton,64790226
Waiter,Pounds,72677055
Eleonore,Milburn,40076152
Hermia,Scone,84003241
Dionne,Killingbeck,29329285
Gabriele,Ibell,14608070
Rhea,Maunsell,38179624
Jonathan,Emtage,77108777
Sigmund,Harbord,11184390
Reta,Tremble,28154683
Ethyl,Swatman,91899729
Nils,Burnet,45358412
Brena,Tempest,85804596
Susann,O'Carroll,68576550
Pinchas,Vittet,97799576
Lynnett,Conboy,58163519
Jule,Champion,69019556
Joanie,Van Zon,93918461
Billye,Jzhakov,94224284
Rice,Wharton,26747422
Ed,Fountian,25281238
Clareta,Ivanishev,12427032
Melamie,Backman,17913457
Nikolaus,Brettle,56081658
Dag,Jest,86580213
Lebbie,Pulman,81310865
Kessiah,Boays,64749446
Mavis,Lovelock,84302054
Yuri,Clelle,68330249
Farleigh,Ricold,75604625
Raleigh,Durand,49763497
Bengt,Grunwald,68219590
Burch,Anglin,45745285
Una,Tourville,32032216
Dacia,Enderby,50878381
Alfy,Piotrkowski,10332625
Nicolais,Kayne,39990636
Elianore,Jemison,35150337
Evangelia,Gately,25864080
Matilde,Burnes,64266865
Lenka,Vautier,88992839
Pooh,Sopper,73958347
Neal,Critzen,88271636
Hunter,Torbett,72657629
Gerda,Hussey,61701505
Alameda,Beange,36690149
Carin,Slipper,68921179
Mada,Pentercost,12956609
Jeralee,Maase,11632230
Crawford,Tomala,53362084
Evangelin,Insley,39090178
Gunter,Durnford,11355240
Ermanno,Ortsmann,90198004
Talya,MacNalley,91515812
Sheryl,Grigaut,22563832
Cory,Lattimore,61482588
Chastity,Bentote,52048241
Sybille,Greedy,48492985
Marylee,Sanzio,90259638
Bat,Sasser,27109622
Jolynn,Carnalan,34604373
Sampson,Archbell,19413620
Emmalee,O'Scandall,71196655
Simona,Piechnik,78419056
Kennith,Realph,15367556
Rhona,Dimmack,28642336
Jehu,Chetter,54491551
Nerta,Heaker,79237407
Charity,Litherland,48578925
Irv,Perrycost,18903986
Virgie,Skitterel,57379431
Miran,Espinazo,31902063
Willis,Fluger,55969835
Crystie,De Micoli,79046203
Ericha,Rustman,19595453
Alessandra,Mousley,33355039
Lyda,Cadamy,79894609
Gene,Moralis,98636464
Shoshana,Langforth,91311101
Doralynne,Redwall,17309951
Ave,Ceillier,13283824
Alexandros,Cordner,59536895
Kelli,Burgett,51634685
Veronike,Smolan,43754266
Phaidra,Leates,26670796
Sallyanne,Gurwood,83270411
Kristen,Mowson,12165446
Alverta,Sibyllina,11922744
Stavro,Gunby,13124207
Saxe,Bazell,23444356
Rollie,Fogden,89373940
Svend,Leavy,48181530
Hasty,Shewon,92479177
Georgeanne,MacElroy,96375171
Collette,Alven,86968345
Kevon,Edser,37953109
Rakel,Gillogley,13429916
Erminie,Kerfoot,26704728
Herminia,Alelsandrowicz,97419974
Riobard,MacDwyer,77035415
Oberon,Gossan,87738443
Marthe,Willmer,91034796
Addia,Meah,22786649
Marnie,Farnfield,95794351
Emlyn,Neylon,86596832
Heindrick,Zarfai,50626165
Rik,Isselee,44006955
Eldon,Jose,40607336
Farleigh,Swanborough,19009426
Tabatha,Harsant,39037363
Iorgo,Volant,20133545
Kristien,Rought,23331512
Kirbee,Rickerd,46520602
Thaine,Flippini,12767681
Tabb,Flaonier,92098260
Sydney,Payler,32917187
Jenifer,Fittes,39661093
Den,Seven,71313591
Marylee,Falvey,64966303
Tuesday,McTrustey,63000957
Dalston,Theobold,81698075
Elonore,Sprague,41424168
Meade,Tapenden,49244243
Dolley,Allso,73549940
Rob,Rolinson,19482546
Dyna,Bensen,67017245
Murdock,Najera,77482294
Wright,Johnsee,36302716
Hesther,Plenty,76735059
Vinson,Grosvener,35246417
Rachele,Thumnel,93952845
Alis,Merrilees,47345997
Cull,Bails,58641089
Hailee,Gummie,43253930
Annmarie,Arnao,50376965
Cullen,Romanini,91798542
Bobina,Prandini,36756811
Terry,Matelaitis,80604387
Thomasine,Kelby,45361610
Kit,Styan,84236796
Ailsun,Pickard,73673177
Mechelle,Primmer,19708358
Olag,Brunke,49334855
Simone,Cholwell,55902294
Zelda,Benbow,66132008
Libbey,Oventon,26490570
Liana,Groger,12114475
Berny,Jobson,64496982
Artemis,O'Moylan,87431664
Svend,Toffanelli,46213965
Kally,Guinery,14483223
Oates,Strond,56426612
Jayme,Reisin,86021244
Jerrilee,Clardge,10232083
Paolo,Smethurst,77619664
Melvin,Hearst,75446869
Laurence,Oglethorpe,92836958
Terencio,Houndesome,66164074
Sonnie,Gres,10078056
Morena,Reddlesden,56587739
Melesa,Suatt,24501234
Kimberley,Trowell,41753558
Eunice,Schriren,87757492
Elwin,Martinelli,46659362
Jarid,Avramovic,15078101
Halie,Sandeman,93489947
Kass,Warbey,37984904
Elsbeth,Lazer,24894837
Mallissa,Tuckett,67400501
Nelly,Haug,16412554
Pammie,Rodenburgh,22925536
Mac,Kilfoyle,37437147
Mikaela,Helliwell,76778688
Micheal,Gandey,82541749
Freeland,Greatham,22049229
Caresa,Beebee,94747632
Rodrique,Fairest,30846124
Alene,Maffetti,21903437
Kamillah,Wrintmore,14735338
Leigha,Triggol,51428547
Querida,Striker,71509330
Luther,Glassopp,90634889
Farr,Pucknell,67978418
Raquela,Chaffyn,48755856
Dosi,Berzons,66920907
Neille,Jestico,17645706
Ches,Beatty,63152609
Doralia,Scotchmur,24820467
Val,Trevett,46072142
Marlin,Valenta,81343904
Leonanie,Coye,67961205
Trudey,Crippill,14581815
Conchita,Rengger,52721611
Sacha,Rabbet,65810007
Hakim,Cluney,44801361
Sophie,Gertray,12892709
Richardo,Loughran,93664525
Archy,Napolione,70880222
Garald,Feaster,57279733
Gwenny,Pink,48005776
Jeddy,Hamon,43350574
Ninetta,Blinman,86820791
Joshua,Glancey,51378722
Modesta,Colwill,83598425
Phylys,Edson,58313925
Schuyler,Tuminelli,40287116
Reuben,Le Blanc,82134603
Ruddie,Loutheane,83612071
Lilah,Dennerly,93200332
Horatio,Tomik,15309826
Renault,Boldry,45906581
Sullivan,Issacov,92814677
Dagmar,Gribbell,21756915
Kary,Ivakhno,50511887
Lois,Blankett,72769705
Stanford,Kinavan,41752335
Ivar,Coale,96379891
Cassandra,Dunlop,67963975
Dora,FitzGilbert,93944248
Celene,Huskisson,23514287
Dayna,Loalday,81863096
Alberto,Diver,49521933
Rab,Trotter,60531814
Hildy,Camelli,82488759
Oliviero,Outhwaite,65947316
Morton,Stivey,18372313
Frank,Keitch,57501645
Shawna,Havard,61110887
Kaia,Lackeye,70786242
Lucinda,Eminson,86974305
Cam,Aimeric,33941229
Ashli,Fontell,82306282
Millie,McAtamney,45025381
Catherine,Ingre,66236977
Daphna,MacAindreis,46845430
Zitella,Parnell,39188086
Marlowe,Sergeant,91412397
Verile,Linsay,47873609
Ransom,MacNeilley,62339804
Adara,Axtell,37617517
Godard,Ketteringham,51286292
Chaunce,Landrieu,57463409
Petra,Mattson,88039309
Lawry,Wortman,31251777
Pete,Tennison,23283410
Quincy,Carlens,80524493
Aldus,Giacovelli,75432927
Locke,Hiorn,49051146
Benni,Wyldes,79613264
Edi,Shailer,42675246
Davidson,Kenwyn,95905902
Barb,Johnys,65618747
Katy,Hunnicutt,43538293
Lezlie,Pavlasek,75758788
Alberik,Cubbin,42638355
Jory,Alps,66563969
Rebbecca,Edgett,86275319
Susannah,Scorthorne,53345926
Myrwyn,Edwick,71593740
Ewell,Plose,29259239
Ximenes,Errett,52326908
Nowell,Hairesnape,58722760
Gnni,Huggett,16830926
Tammie,Peyto,24585466
Chlo,Isakson,59328821
Quintana,Bute,67447908
Hebert,Kleinhandler,18182064
Berti,Freeborn,54849107
Lothario,Wythill,38280173
Eben,Drinkall,93909218
Caz,Bryns,33523101
Jenna,Paule,42134696
Gabie,Scates,88939271
Andreana,Ledwith,18438655
Odille,Bessey,17250623
Forest,Yockney,79160895
Rosalyn,Koubu,29558474
Aubrey,Geroldini,47063802
Francesca,McCluney,87337943
Trudy,Esparza,75722105
Thain,Wooles,74716174
Culley,Belvard,13556962
Rhetta,Rahlof,50577407
Kittie,Jonczyk,85586200
